Obj. ID,IAU name,Internal name/s,RA,DEC,Obj. Type,Redshift,Host name,Host redshift,Contrubuting group,Public,Associated groups,End prop. period,Spec. no.,LCs/Phot. no.,Discovery date,Peak-light date,Bibcode,Multi-type,Type-unclear,Remarks,Created by,Creation date,Modified by,Last-modified date
27262,SN 2023abi,"ATLAS23azz, ZTF23aaapozz, PS23lz",185.5226169,13.31434593,SN IIn,0.092,,,TNS,Y,TNS,,1,0/0,,,,N,N,,TNS_Bot1,1/9/2025 9:10,TNS_Bot1,1/9/2025 9:10
23229,SN 2023wi,"PS23atv, ZTF23aaczpkm, ATLAS23awy",172.2312252,5.45906696,SN IIn,0.094,,,TNS,Y,TNS,,1,0/0,,,,N,N,,TNS_Bot1,5/12/2023 10:05,TNS_Bot1,5/12/2023 10:05
22455,SN 2023jo,"PS23fh, ATLAS23akh",121.8533069,39.19377302,SN IIn,0.013,,,TNS,Y,TNS,,1,0/0,,,,N,N,,TNS_Bot1,1/18/2023 11:05,TNS_Bot1,1/18/2023 11:05
22495,SN 2022aecy,"ZTF22abzgbtq, ATLAS22bomd",85.372305,16.7621357,SN IIn,0.08,,,TNS,Y,TNS,,1,0/0,,,,N,N,,TNS_Bot1,1/23/2023 19:05,TNS_Bot1,1/23/2023 19:05
22283,SN 2022aaon,ATLAS22bmep,58.625708,-34.668681,SN IIn,0.074,,,"ePESSTO+, TNS",Y,"ePESSTO+, TNS",,1,0/0,,,,N,N, [ following update_iau_on_wis: prefix updated to SN ],WIS_Bot1,12/21/2022 10:51,Dr Rachel Bruch,1/10/2023 8:17
22274,SN 2022aahy,"ATLAS22bmvm, ZTF22abtsypf",104.7342985,39.6352214,SN IIn,0.135,,,TNS,Y,TNS,,1,0/0,,,,N,N,,TNS_Bot1,12/19/2022 21:05,TNS_Bot1,12/19/2022 21:05
22044,SN 2022aaan,ATLAS22blsb,325.658533,-31.462689,SN IIn,0.111,,,"ePESSTO+, TNS",Y,"ePESSTO+, TNS",,1,0/0,,,,N,N,"Wrong upload, correct classification from Konrad Grzesiak et al. (https://www.wis-tns.org/astronotes/astronote/2022-241)",WIS_Bot1,11/16/2022 12:08,Dr Rachel Bruch,11/16/2022 14:58
22134,SN 2022zyd,"ATLAS22blyd, ZTF22abtcpig",32.1384028,52.8267818,SN IIn,0.063,,,TNS,Y,TNS,,1,0/0,,,,N,N,,TNS_Bot1,11/24/2022 13:05,TNS_Bot1,11/24/2022 13:05
21938,SN 2022ymi,ATLAS22bjxv,292.752531,48.348678,SN IIn,0.021,,,TNS,Y,TNS,,1,0/0,,,,N,N,,TNS_Bot1,10/29/2022 8:05,TNS_Bot1,10/29/2022 8:05
21972,SN 2022ymc,"ZTF22abqseiq, ATLAS22bken, PS22kph",48.419208,-1.275617,SN IIn,0.028,,,"ePESSTO+, TNS",Y,"ePESSTO+, TNS",,1,0/0,,,,N,N,,WIS_Bot1,11/2/2022 11:55,WIS_Bot1,11/2/2022 11:55
22023,SN 2022wqo,"ATLAS22bhuy, ZTF22abizuah",118.063007,-1.1410855,SN IIn,0.0935,,,TNS,Y,TNS,,1,0/0,,,,N,N,,TNS_Bot1,11/14/2022 19:05,TNS_Bot1,11/14/2022 19:05
22674,SN 2022wed,"ATLAS22bkln, ZTF22abhwlnm",111.0645721,19.08130782,SN IIn,0.114,,,"TNS, Asiago",Y,"Asiago, TNS",,4,0/0,,,,N,N,,TNS_Bot1,2/27/2023 17:05,TNS_Bot1,2/27/2023 17:05
21797,SN 2022waq,"ATLAS22bijh, ZTF22abiupzw",145.6332576,7.09996312,SN IIn,0.024935,SDSS J094231.46+070556.6,0.02493505,TNS,Y,TNS,,1,0/0,,,,N,N,,TNS_Bot1,10/11/2022 19:05,TNS_Bot1,10/11/2022 19:05
21958,SN 2022vib,"ATLAS22bhzb, ZTF22abhclyh",80.027421,10.6333,SN IIn,0.048,,,"ePESSTO+, TNS",Y,"ePESSTO+, TNS",,1,0/0,,,,N,N,,WIS_Bot1,10/31/2022 17:11,WIS_Bot1,10/31/2022 17:11
22152,SN 2022uot,"ATLAS22bgyj, ZTF22abfyvhf",84.2937828,68.5755504,SN IIn,0.079,,,TNS,Y,TNS,,1,0/0,,,,N,N,,TNS_Bot1,11/26/2022 2:05,TNS_Bot1,11/26/2022 2:05
21571,SN 2022udq,"ZTF22abfwxtr, ATLAS22berx, PS22jjb",1.4826919,22.4906444,SN IIn,0.022005,,,TNS,Y,TNS,,2,0/0,,,,N,N,,TNS_Bot1,9/20/2022 21:05,TNS_Bot1,9/20/2022 21:05
21515,SN 2022tpe,ATLAS22beaa,56.539846,-40.338303,SN IIn,0.055,,,"ePESSTO+, TNS",Y,"ePESSTO+, TNS",,1,0/0,,,,N,N,,WIS_Bot1,9/15/2022 12:13,Dr Ofer Yaron,9/15/2022 13:28
21768,SN 2022tmo,"PS22iwa, ATLAS22bepk, ZTF22abfnfud",68.9642385,-13.32723396,SN IIn,0.034,,,TNS,Y,TNS,,1,0/0,,,,N,N,,TNS_Bot1,10/6/2022 8:05,TNS_Bot1,10/6/2022 8:05
21487,SN 2022tbh,"ZTF22abeyzcl, PS22ibh",261.290625,67.829361,SN IIn,0.052,,,"NOT-ZTF, TNS",Y,"NOT-ZTF, TNS",,1,0/0,,,,N,N,,Dr Steve Schulze,9/10/2022 8:26,Dr Ofer Yaron,9/14/2022 12:48
21786,SN 2022ssx,"ATLAS22besp, ZTF22abegzdb",25.3074825,56.4717995,SN IIn,0.016,SDSS J014113.90+562814.8,,TNS,Y,TNS,,1,0/0,,,,N,N,,TNS_Bot1,10/10/2022 13:05,TNS_Bot1,10/10/2022 13:05
21459,SN 2022sks,ATLAS22bcgi,304.098108,-51.085,SN IIn,0.076,,,"ePESSTO+, TNS",Y,"ePESSTO+, TNS",,1,0/0,,,,N,N,,WIS_Bot1,9/3/2022 14:08,WIS_Bot1,9/3/2022 14:08
21590,SN 2022saz,"ATLAS22bcvt, Gaia22dnv, ZTF22abcesfo",27.2875,8.50975,SN IIn,0.08,,,"ePESSTO+, TNS",Y,"ePESSTO+, TNS",,1,0/0,,,,N,N,,WIS_Bot1,9/22/2022 10:32,WIS_Bot1,9/22/2022 10:32
22200,SN 2022rze,"ATLAS22bmgb, ZTF22abnfjsm, Gaia22dmp",185.717333,76.046461,SN IIn,0.08,,,"TNS, NOT-ZTF",Y,"NOT-ZTF, TNS",,2,0/0,,,,N,N,,TNS_Bot1,12/4/2022 16:05,TNS_Bot1,12/4/2022 16:05
21330,SN 2022rmg,ZTF22abajyqm,255.706492,-21.802275,SN IIn,0.057,,,"ePESSTO+, TNS",Y,"ePESSTO+, TNS",,1,0/0,,,,N,N,,WIS_Bot1,8/21/2022 13:44,WIS_Bot1,8/21/2022 13:44
22407,SN 2022ria,"ZTF22abxltfq, Gaia22dnf, ATLAS22zwo",205.983542,-8.709011,SN IIn,0.07,,,TNS,Y,TNS,,1,0/0,,,,N,N,,TNS_Bot1,1/10/2023 10:05,TNS_Bot1,1/10/2023 10:05
21347,SN 2022rhl,ZTF22aasoali,290.1842501,46.8818833,SN IIn,0.118,,,TNS,Y,TNS,,1,0/0,,,,N,N,,TNS_Bot1,8/23/2022 11:05,TNS_Bot1,8/23/2022 11:05
21990,SN 2022qzx,"Gaia22dlg, ATLAS22zwm, PS22gyk, ZTF22aazbxmi",270.574042,80.100869,SN IIn,0.058,,,TNS,Y,TNS,,1,0/0,,,,N,N,,TNS_Bot1,11/9/2022 18:05,TNS_Bot1,11/9/2022 18:05
21579,SN 2022qyq,"ATLAS22bcse, ZTF22abbczmk, PS22gwn",36.136367,-6.645103,SN IIn,0.166,,,"ePESSTO+, TNS",Y,"ePESSTO+, TNS",,1,0/0,,,,N,N,,WIS_Bot1,9/21/2022 11:22,WIS_Bot1,9/21/2022 11:22
21394,SN 2022qml,ATLAS22yti,337.439638,13.640019,SN IIn,0.046,,,"ePESSTO+, TNS, Asiago",Y,"Asiago, ePESSTO+, TNS",,8,0/0,,,,N,N,,WIS_Bot1,8/27/2022 15:03,WIS_Bot1,8/27/2022 15:03
21393,SN 2022pss,"ATLAS22wxv, ZTF22aawfeov",22.080112,20.395936,SN IIn,0.06,,,"ePESSTO+, TNS",Y,"ePESSTO+, TNS",,1,0/0,,,,N,N,,WIS_Bot1,8/27/2022 15:03,WIS_Bot1,8/27/2022 15:03
21180,SN 2022prr,ASASSN-22jn,285.42464,40.75098,SN IIn,0.01516,NGC 6745,0.01516,TNS,Y,TNS,,1,0/0,,,,N,N,,TNS_Bot1,7/28/2022 12:05,TNS_Bot1,7/28/2022 12:05
21152,SN 2022phy,"PS22ggq, ZTF22aauwwsf",213.0643008,34.39147605,SN IIn,0.0339,WISEA J141214.63+342333.2,0.033907,TNS,Y,TNS,,1,0/0,,,,N,N,,TNS_Bot1,7/24/2022 11:05,TNS_Bot1,7/24/2022 11:05
21130,SN 2022paz,"ATLAS22vic, PS22gda",271.2875393,32.15025257,SN IIn,0.066,,,TNS,Y,TNS,,1,0/0,,,,N,N,,TNS_Bot1,7/22/2022 4:05,TNS_Bot1,7/22/2022 4:05
21112,SN 2022owx,ATLAS22uze,216.15091,4.558566667,SN IIn,0.025984,,,TNS,Y,TNS,,1,0/0,,,,N,N,,TNS_Bot1,7/18/2022 9:05,TNS_Bot1,7/18/2022 9:05
21111,SN 2022owp,ATLAS22uxt,203.18222,0.681121,SN IIn,0.08,,,TNS,Y,TNS,,1,0/0,,,,N,N,,TNS_Bot1,7/18/2022 8:05,TNS_Bot1,7/18/2022 8:05
21206,SN 2022oeh,"ATLAS22vim, PS22fzq, ZTF22aarrawv",289.2083847,45.95526406,SN IIn,0.03,WISEA J191650.22+455720.5,,TNS,Y,TNS,,1,0/0,,,,N,N,,TNS_Bot1,8/1/2022 20:05,TNS_Bot1,8/1/2022 20:05
21203,SN 2022odp,"ATLAS22txm, ZTF22aapkbkl",356.388892,29.64054131,SN IIn,0.134,,,TNS,Y,TNS,,1,0/0,,,,N,N,,TNS_Bot1,8/1/2022 19:05,TNS_Bot1,8/1/2022 19:05
24376,SN 2022nxg,ATLAS22sfg,234.27705,33.95717125,SN IIn,0.106,,,TNS,Y,TNS,,1,0/0,,,,N,N,,TNS_Bot1,11/25/2023 9:05,TNS_Bot1,11/25/2023 9:05
21062,SN 2022myl,"PS22fpq, ATLAS22rfs, ZTF22aaohilj",252.7599216,30.66454633,SN IIn,0.0371,SDSS J165103.67+303949.0,0.03713505,TNS,Y,TNS,,1,0/0,,,,N,N,,TNS_Bot1,7/7/2022 12:05,TNS_Bot1,7/7/2022 12:05
21296,SN 2022msv,"ATLAS22rrw, ZTF22aanuapl",274.797888,41.017358,SN IIn,0.154,,,TNS,Y,TNS,,1,0/0,,,,N,N,,TNS_Bot1,8/18/2022 0:05,TNS_Bot1,8/18/2022 0:05
27212,SN 2022mop,"Gaia25aaf, ATLAS24saw, ZTF22aanyxmg, PS22fhf",352.713417,-2.94275,SN IIn,0.017219,,,TNS,Y,TNS,,1,0/0,,,,N,N,,TNS_Bot1,1/4/2025 17:10,TNS_Bot1,1/4/2025 17:10
20940,SN 2022mma,"ATLAS22qtd, ZTF22aanwibf",219.756279,15.986617,SN IIn,0.038,SDSS J143901.93+155923.1,0.037474,TNS,Y,TNS,,0,0/0,,,,N,N,,TNS_Bot1,6/15/2022 17:05,TNS_Bot1,6/15/2022 17:05
20931,SN 2022mgr,ZTF22aanjyae,278.1542801,20.60261365,SN IIn,0.068,,,TNS,Y,TNS,,1,0/0,,,,N,N,,TNS_Bot1,6/12/2022 12:05,TNS_Bot1,6/12/2022 12:05
20977,SN 2022mds,"ATLAS22rfj, PS22ffg, ZTF22aanesux",263.1412619,43.27412905,SN IIn,0.0745,,,TNS,Y,TNS,,1,0/0,,,,N,N,,TNS_Bot1,6/24/2022 2:05,TNS_Bot1,6/24/2022 2:05
20841,SN 2022kmy,"ATLAS22ort, PS22ejv",223.6232228,-25.18542568,SN IIn,0.012,,,TNS,Y,TNS,,1,0/0,,,,N,N,,TNS_Bot1,5/30/2022 9:25,TNS_Bot1,5/30/2022 9:25
27088,SN 2022kae,,161.564167,11.863439,SN IIn,0.055,,,TNS,Y,TNS,,1,0/0,,,,N,N,,TNS_Bot1,12/24/2024 17:18,TNS_Bot1,12/24/2024 17:18
20960,SN 2022jna,"ATLAS22puw, Gaia22bzx, ZTF22aajjojx",343.041667,73.525011,SN IIn,0.093,,,TNS,Y,TNS,,1,0/0,,,,N,N,,TNS_Bot1,6/21/2022 9:05,TNS_Bot1,6/21/2022 9:05
20838,SN 2022jie,"ATLAS22opa, PS22edb, ZTF22aajcupz",190.7004362,64.574915,SN IIn,0.0748,WISEA J124248.46+643430.4,0.074811,TNS,Y,TNS,,1,0/0,,,,N,N,,TNS_Bot1,5/30/2022 9:25,TNS_Bot1,5/30/2022 9:25
20744,SN 2022iep,"PS22dye, ZTF22aagvxjc, ATLAS22muh",247.424837,40.33493324,SN IIn,0.025,,,TNS,Y,TNS,,1,0/0,,,,N,N,,TNS_Bot1,5/14/2022 12:05,TNS_Bot1,5/14/2022 12:05
20683,SN 2022iaz,"ATLAS22mrj, ZTF22aahedwz",187.630479,-19.078369,SN IIn,0.067,,,"ePESSTO+, TNS",Y,"ePESSTO+, TNS",,1,0/0,,,,N,N,,WIS_Bot1,5/5/2022 6:40,Dr Ofer Yaron,5/5/2022 7:09
20963,SN 2022hwk,"ATLAS22oph, ZTF22aagzbux, PS22dlx",191.4967354,59.26024885,SN IIn,0.127,,,TNS,Y,TNS,,1,0/0,,,,N,N,,TNS_Bot1,6/23/2022 0:05,TNS_Bot1,6/23/2022 0:05
20651,SN 2022hev,"ZTF22aafnzvd, ATLAS22llx",198.6530491,-10.4274576,SN IIn,0.054,,,TNS,Y,TNS,,1,0/0,,,,N,N,,TNS_Bot1,5/1/2022 10:06,TNS_Bot1,5/1/2022 10:06
20837,SN 2022gzi,"ATLAS22nuf, ZTF22aaetqzk",266.5202078,42.27627073,SN IIn,0.089,SDSS J174604.85+421634.6,,TNS,Y,TNS,,1,0/0,,,,N,N,,TNS_Bot1,5/30/2022 9:25,TNS_Bot1,5/30/2022 9:25
20662,SN 2022fmg,"ATLAS22ksw, PS22cpo",193.7564334,2.65946492,SN IIn,0.169,,,TNS,Y,TNS,,1,0/0,,,,N,N,,TNS_Bot1,5/2/2022 23:05,TNS_Bot1,5/2/2022 23:05
20482,SN 2022dkw,"ZTF22aabwemz, ATLAS22hmu",218.959563,24.682833,SN IIn,0.036,,,"ePESSTO+, TNS",Y,"ePESSTO+, TNS",,1,0/0,,,,N,N,,WIS_Bot1,3/23/2022 12:40,Dr Ofer Yaron,3/23/2022 13:34
20459,SN 2022dhp,"ZTF22aabxuxf, ATLAS22hjz",107.9271697,28.57263245,SN IIn,0.085,,,TNS,Y,TNS,,1,0/0,,,,N,N,,TNS_Bot1,3/21/2022 12:05,TNS_Bot1,3/21/2022 12:05
20426,SN 2022dfh,"PS22bua, ATLAS22hcj",188.6335,14.896069,SN IIn,0.064,,,"ePESSTO+, TNS",Y,"ePESSTO+, TNS",,1,0/0,,,,N,N,,WIS_Bot1,3/12/2022 13:12,WIS_Bot1,3/12/2022 13:12
20315,SN 2022cxa,"PS22blu, ATLAS22ghs",127.8906939,20.75904492,SN IIn,0.088,,,TNS,Y,TNS,,1,0/0,,,,N,N,,TNS_Bot1,2/23/2022 12:05,TNS_Bot1,2/23/2022 12:05
20097,SN 2022zi,ATLAS22cbh,89.890633,-58.324553,SN IIn,0.035,,,"ePESSTO+, TNS",Y,"ePESSTO+, TNS",,1,0/0,,,,N,N,,WIS_Bot1,1/23/2022 16:42,WIS_Bot1,1/23/2022 16:42
20052,SN 2022K,"PS22bc, ATLAS22aff",161.520512,-2.221261,SN IIn,0.035,,,"ePESSTO+, TNS",Y,"ePESSTO+, TNS",,1,0/0,,,,N,N, [ following update_iau_on_wis: prefix updated to SN ],WIS_Bot1,1/13/2022 12:26,WIS_Bot1,1/20/2022 12:11
20076,SN 2021agrl,"ATLAS22ako, Gaia21ftw",215.603042,-2.730861,SN IIn,0.081,,,TNS,Y,TNS,,1,0/0,,,,N,N,,TNS_Bot1,1/17/2022 19:05,TNS_Bot1,1/17/2022 19:05
19941,SN 2021agji,ATLAS21bnkm,141.77475,24.10738,SN IIn,0.0215,,,TNS,Y,TNS,,1,0/0,,,,N,N,,TNS_Bot1,12/19/2021 2:05,TNS_Bot1,12/19/2021 2:05
19978,SN 2021afry,"Gaia21fnb, ATLAS21bmrp, ASASSN-21vi",91.098375,-35.6023,SN IIn,0.03319,2MASX06042358-3536075,0.03319,TNS,Y,TNS,,1,0/0,,,,N,N,,TNS_Bot1,1/4/2022 0:05,TNS_Bot1,1/4/2022 0:05
20180,SN 2021adxl,"ZTF21ackxdos, ATLAS23blun, PS22bne, Gaia21fcd",177.028917,-12.644919,SN IIn,0.018,,,"ePESSTO+, NOT-ZTF, ZTF-SLSN, TNS, Asiago",Y,"Asiago, ePESSTO+, NOT-ZTF, TNS, ZTF, ZTF-SLSN",,15,0/0,,,,N,N,,WIS_Bot1,2/3/2022 11:50,WIS_Bot1,2/3/2022 11:50
19727,SN 2021adou,ZTF21acmfxkc,14.4637946,9.6313192,SN IIn,0.039,,,"TNS, ePESSTO+",Y,"ePESSTO+, TNS",,1,0/0,,,,N,N,,TNS_Bot1,11/8/2021 3:05,TNS_Bot1,11/8/2021 3:05
19831,SN 2021admz,ZTF21aclknsx,305.8789351,-23.4423808,SN IIn,0.056,WISEA J202331.00-232635.4,,TNS,Y,TNS,,1,0/0,,,,N,N,,TNS_Bot1,12/1/2021 12:06,TNS_Bot1,12/1/2021 12:06
19928,SN 2021acnp,"ATLAS21blhp, ZTF21achducl",19.3969009,8.5116099,SN IIn,0.069,,,TNS,Y,TNS,,1,0/0,,,,N,N,,TNS_Bot1,12/15/2021 15:05,TNS_Bot1,12/15/2021 15:05
19722,SN 2021abqf,"Gaia21evq, ATLAS21bkfu",351.88275,-32.995719,SN IIn,0.058,,,"ePESSTO+, TNS",Y,"ePESSTO+, TNS",,2,0/0,,,,N,N,,WIS_Bot1,11/7/2021 13:19,WIS_Bot1,11/7/2021 13:19
19929,SN 2021abbv,"ATLAS21bkvb, PS21leg, ZTF21achfddh",51.01477855,15.96943591,SN IIn,0.07,WISEA J032403.77+155804.5,,TNS,Y,TNS,,1,0/0,,,,N,N,,TNS_Bot1,12/15/2021 15:05,TNS_Bot1,12/15/2021 15:05
19547,SN 2021aapa,"ATLAS21bkbl, ZTF21acgtbej, PS21kuh",62.71258405,-9.629450901,SN IIn,0.032,,,"TNS, ePESSTO+",Y,"ePESSTO+, TNS",,1,0/0,,,,N,N,,TNS_Bot1,10/20/2021 17:05,TNS_Bot1,10/20/2021 17:05
19429,SN 2021aaft,ATLAS21bjlm,110.533667,-35.881092,SN IIn,0.03,,,"ePESSTO+, TNS",Y,"ePESSTO+, TNS",,1,0/0,,,,N,N,,WIS_Bot1,10/4/2021 12:31,WIS_Bot1,10/4/2021 12:31
19344,SN 2021zhw,"ATLAS21bjim, ZTF21acdqdge",321.831667,2.792619,SN IIn,0.044,,,"ePESSTO+, TNS",Y,"ePESSTO+, TNS",,1,0/0,,,,N,N,,WIS_Bot1,9/26/2021 11:34,WIS_Bot1,9/26/2021 11:34
19506,SN 2021yyy,"PS21kty, ATLAS21bjgp, ZTF21accgsbf",340.031492,-5.003481,SN IIn,0.093,,,"ePESSTO+, TNS",Y,"ePESSTO+, TNS",,1,0/0,,,,N,N,,WIS_Bot1,10/14/2021 11:33,WIS_Bot1,10/14/2021 11:33
19478,SN 2021yys,"ATLAS21bizk, ZTF21acckcni",111.4259274,44.8236611,SN IIn,0.043293,CGCG 205-044,0.043293,TNS,Y,"PTF, TNS",,1,0/0,,,,N,N,,TNS_Bot1,10/10/2021 19:05,TNS_Bot1,10/10/2021 19:05
19213,SN 2021xwg,ZTF21abxtfwo,354.9930042,-22.788814,SN IIn,0.027,AM 2337-230 NED02,0.025981,TNS,Y,TNS,,1,0/0,,,,N,N,,TNS_Bot1,9/9/2021 12:23,TNS_Bot1,9/9/2021 12:23
19189,SN 2021xre,"PS21jtn, ATLAS21bhih, ZTF21abvuwbp",3.779990608,17.49869534,SN IIn,0.06,,,TNS,Y,TNS,,1,0/0,,,,N,N,,TNS_Bot1,9/9/2021 12:23,TNS_Bot1,9/9/2021 12:23
19116,SN 2021wwp,"MASTER OT J204833.97-201218.3, MASTER OT J204833.98-201219.1, ATLAS21bgsx",312.1415344,-20.20517938,SN IIn,0.027776,,,TNS,Y,TNS,,1,0/0,,,,N,N,,TNS_Bot1,9/9/2021 12:23,TNS_Bot1,9/9/2021 12:23
19177,SN 2021wrr,"ATLAS21bhbu, ZTF21abujgmr",257.7824657,72.48884486,SN IIn,0.048,SDSS J171107.71+722919.9,,TNS,Y,TNS,,1,0/0,,,,N,N,,TNS_Bot1,9/9/2021 12:23,TNS_Bot1,9/9/2021 12:23
19143,SN 2021wly,"PS21jpb, ATLAS21bgvw, ZTF21abulpnc",10.75850903,-6.413303316,SN IIn,0.057,SDSS J004301.66-062435.9,,TNS,Y,TNS,,1,0/0,,,,N,N,,TNS_Bot1,9/9/2021 12:23,TNS_Bot1,9/9/2021 12:23
19119,SN 2021wil,"Gaia21dwp, ATLAS21bgnh",21.439667,-33.222381,SN IIn,0.048,,,TNS,Y,TNS,,1,0/0,,,,N,N,,TNS_Bot1,9/9/2021 12:23,TNS_Bot1,9/9/2021 12:23
19287,SN 2021waf,"Gaia21eaf, ZTF21abtdvpg",210.186833,49.372939,SN IIn,0.1265,SDSS J140045.04+492223.4,,TNS,Y,TNS,,1,0/0,,,,N,N,,TNS_Bot1,9/14/2021 21:05,TNS_Bot1,9/14/2021 21:05
19272,SN 2021vzp,"ZTF21abtorlk, ATLAS21bgaw",56.898162,2.882914,SN IIn,0.031,,,"ePESSTO+, TNS",Y,"ePESSTO+, TNS",,2,0/0,,,,N,N,,WIS_Bot1,9/14/2021 11:51,WIS_Bot1,9/14/2021 11:51
19029,SN 2021vma,"ATLAS21bexg, ZTF21abpkpuy",272.2778406,22.4020939,SN IIn,0.06,,,TNS,Y,TNS,,1,0/0,,,,N,N,,TNS_Bot1,8/20/2021 15:05,TNS_Bot1,8/20/2021 15:05
18911,SN 2021uzt,"ATLAS21bdgr, ZTF21abpyauz, PS21ipo",358.267023,-13.049341,SN IIn,0.061,,,"TNS, NOT-ZTF",Y,"NOT-ZTF, TNS",,2,0/0,,,,N,N,,TNS_Bot1,8/7/2021 16:05,TNS_Bot1,8/7/2021 16:05
18914,SN 2021uru,ATLAS21bcsh,43.094485,-18.6965625,SN IIn,0.054,,,TNS,Y,TNS,,1,0/0,,,,N,N,,TNS_Bot1,8/7/2021 17:05,TNS_Bot1,8/7/2021 17:05
18824,SN 2021ulv,"ZTF21abpuent, Gaia21dxr, ATLAS21bdeg",213.9260323,26.6291785,SN IIn,0.030363,SDSS J141541.79+263748.9,0.030363,TNS,Y,TNS,,2,0/0,,,,N,N,,TNS_Bot1,8/2/2021 8:05,TNS_Bot1,8/2/2021 8:05
18822,SN 2021ukt,"ATLAS21bcqv, ZTF21abpxquj",12.353594,-1.7663031,SN IIn,0.012886,,,TNS,Y,TNS,,1,0/0,,,,N,N,,TNS_Bot1,8/1/2021 15:05,TNS_Bot1,8/1/2021 15:05
19620,SN 2021uha,"ATLAS21bkhb, Gaia21dno",149.592042,-25.160281,SN IIn,0.0079,,,"ePESSTO+, TNS",Y,"ePESSTO+, TNS",,1,0/0,,,,N,N,,WIS_Bot1,10/30/2021 16:35,WIS_Bot1,10/30/2021 16:35
18800,SN 2021tqt,ATLAS21bbvd,3.061817,-22.500611,SN IIn,0.06,,,"ePESSTO+, TNS",Y,"ePESSTO+, TNS",,1,0/0,,,,N,N,,WIS_Bot1,7/30/2021 12:28,WIS_Bot1,7/30/2021 12:28
18967,SN 2021tie,"ATLAS21bbub, ZTF21abjvukz",20.450701,75.2841191,SN IIn,0.103,,,TNS,Y,TNS,,2,0/0,,,,N,N,,TNS_Bot1,8/12/2021 13:05,TNS_Bot1,8/12/2021 13:05
19265,SN 2021sto,ATLAS21bfpr,262.4777179,65.813517,SN IIn,0.243,,,TNS,Y,TNS,9/13/2021,1,0/0,,,,N,N,ZTF21abeoaio is related to ZTF program: Superluminous Supernovae II.,WIS_ZTF_Bot,9/13/2021 22:17,WIS_ZTF_Bot,9/13/2021 22:31
18916,SN 2021srg,"PS21hvd, ATLAS21bbfj, ZTF21abjhiqp",349.5719492,14.83467149,SN IIn,0.069,,,TNS,Y,TNS,,1,0/0,,,,N,N,,TNS_Bot1,8/7/2021 19:05,TNS_Bot1,8/7/2021 19:05
19847,SN 2021rll,"Gaia21dmr, ATLAS21bazq, ZTF21abiwpjm",206.341542,26.750181,SN IIn,0.103,,,TNS,Y,TNS,,1,0/0,,,,N,N,,TNS_Bot1,12/1/2021 12:06,TNS_Bot1,12/1/2021 12:06
18646,SN 2021qug,"ATLAS21zqe, ZTF21abhibro",330.6352308,-16.7601039,SN IIn,0.057,,,TNS,Y,TNS,,1,0/0,,,,N,N,,TNS_Bot1,7/3/2021 11:05,TNS_Bot1,7/3/2021 11:05
18769,SN 2021qqp,"ATLAS21bbis, ZTF21abgjldn",338.1683827,25.5763407,SN IIn,0.0415,,,"ePESSTO+, TNS, NOT-ZTF",Y,"ePESSTO+, NOT-ZTF, TNS",7/26/2024,2,0/0,,,,N,N,"ZTF21abgjldn is related to ZTF program: Superluminous Supernovae II. [ following update_iau_on_wis: iauname, prefix updated to SN 2021qqp ]",WIS_ZTF_Bot,7/26/2021 21:11,WIS_ZTF_Bot,7/27/2021 10:39
18660,SN 2021qim,"ATLAS21zxd, Gaia21dam, ZTF21abgzyvg",190.688375,73.138981,SN IIn,0.031,WISEA J124245.09+730819.3,,TNS,Y,TNS,,1,0/0,,,,N,N,,TNS_Bot1,7/6/2021 10:05,TNS_Bot1,7/6/2021 10:05
18613,SN 2021qeq,"ATLAS21wyf, ZTF21abghumo",253.6115619,53.72397256,SN IIn,0.055,,,TNS,Y,TNS,,1,0/0,,,,N,N,,TNS_Bot1,6/29/2021 0:05,TNS_Bot1,6/29/2021 0:05
19026,SN 2021qep,"ZTF21abgkfzh, ATLAS21wxq",2.93456835,12.07901655,SN IIn,0.086,,,TNS,Y,TNS,,1,0/0,,,,N,N,,TNS_Bot1,8/20/2021 15:05,TNS_Bot1,8/20/2021 15:05
18533,SN 2021puu,ATLAS21tdj,196.23692,-9.825447778,SN IIn,0.073,,,TNS,Y,TNS,,1,0/0,,,,N,N,,TNS_Bot1,6/15/2021 10:05,TNS_Bot1,6/15/2021 10:05
18704,SN 2021owc,PS21ffi,305.6864401,-14.81274607,SN IIn,0.127,,,TNS,Y,TNS,,1,0/0,,,,N,N,,TNS_Bot1,7/14/2021 20:05,TNS_Bot1,7/14/2021 20:05
